Index	Query	evalue	charge	mz	delta_da	delta_ppm	peptide	miss	rt	isSAP	mods	Qvalue	prot	isUnique	txid	genename	txname	proname	chr	strand	pos	refbase	varbase	pincoding	label
IDL12	320500	4.68959e-08	2	939.992737	-2.5e-05	-0.0133122400215705	SPPTSCPPLLEAFPLPR	0	7909.93	true	NH2-SPPTSC<Cmm*>PPLLEAFPLPR-COOH	0	VAR|IDL12|ENSP00000233078|763	TRUE	162404	ENSG00000071626	ENST00000233078	ENSP00000233078	19	+	1430253	GCCCCCCC	GCCCCCC	763	
IDL12	320499	5.0115e-08	2	939.992371	-0.000757	-0.403094627853154	SPPTSCPPLLEAFPLPR	0	7911.58	true	NH2-SPPTSC<Cmm*>PPLLEAFPLPR-COOH	0	VAR|IDL12|ENSP00000233078|763	TRUE	162404	ENSG00000071626	ENST00000233078	ENSP00000233078	19	+	1430253	GCCCCCCC	GCCCCCC	763	
IDL164	320500	4.68959e-08	2	939.992737	-2.5e-05	-0.0133122400215705	SPPTSCPPLLEAFPLPR	0	7909.93	true	NH2-SPPTSC<Cmm*>PPLLEAFPLPR-COOH	0	VAR|IDL164|ENSP00000337132|763	TRUE	162403	ENSG00000071626	ENST00000336761	ENSP00000337132	19	+	1430253	GCCCCCCC	GCCCCCC	763	
IDL164	320499	5.0115e-08	2	939.992371	-0.000757	-0.403094627853154	SPPTSCPPLLEAFPLPR	0	7911.58	true	NH2-SPPTSC<Cmm*>PPLLEAFPLPR-COOH	0	VAR|IDL164|ENSP00000337132|763	TRUE	162403	ENSG00000071626	ENST00000336761	ENSP00000337132	19	+	1430253	GCCCCCCC	GCCCCCC	763	
IDL663	320500	4.68959e-08	2	939.992737	-2.5e-05	-0.0133122400215705	SPPTSCPPLLEAFPLPR	0	7909.93	true	NH2-SPPTSC<Cmm*>PPLLEAFPLPR-COOH	0	VAR|IDL663|ENSP00000465433|162	TRUE	162412	ENSG00000071626	ENST00000587079	ENSP00000465433	19	+	1430253	GCCCCCCC	GCCCCCC	162	with N in pos 1
IDL663	320499	5.0115e-08	2	939.992371	-0.000757	-0.403094627853154	SPPTSCPPLLEAFPLPR	0	7911.58	true	NH2-SPPTSC<Cmm*>PPLLEAFPLPR-COOH	0	VAR|IDL663|ENSP00000465433|162	TRUE	162412	ENSG00000071626	ENST00000587079	ENSP00000465433	19	+	1430253	GCCCCCCC	GCCCCCC	162	with N in pos 1
IDL345	313169	5.2863e-08	2	920.980591	-0.001276	-0.693497895151821	TPLQLDPQQEQQLFR	0	6449.47	true	NH2-TPLQLDPQQEQQLFR-COOH	0	VAR|IDL345|ENSP00000385023|1198	TRUE	58972	ENSG00000185340	ENST00000407854	ENSP00000385023	22	+	29707639	GCC	GCCC	1198	
IDL345	313167	1.57837e-06	2	920.980164	-0.00213	-1.15764147074716	TPLQLDPQQEQQLFR	0	6451.63	true	NH2-TPLQLDPQQEQQLFR-COOH	0	VAR|IDL345|ENSP00000385023|1198	TRUE	58972	ENSG00000185340	ENST00000407854	ENSP00000385023	22	+	29707639	GCC	GCCC	1198	
IDL347	313169	5.2863e-08	2	920.980591	-0.001276	-0.693497895151821	TPLQLDPQQEQQLFR	0	6449.47	true	NH2-TPLQLDPQQEQQLFR-COOH	0	VAR|IDL347|ENSP00000385358|1198	TRUE	58969	ENSG00000185340	ENST00000403764	ENSP00000385358	22	+	29707639	GCC	GCCC	1198	
IDL347	313167	1.57837e-06	2	920.980164	-0.00213	-1.15764147074716	TPLQLDPQQEQQLFR	0	6451.63	true	NH2-TPLQLDPQQEQQLFR-COOH	0	VAR|IDL347|ENSP00000385358|1198	TRUE	58969	ENSG00000185340	ENST00000403764	ENSP00000385358	22	+	29707639	GCC	GCCC	1198	
IDL348	313169	5.2863e-08	2	920.980591	-0.001276	-0.693497895151821	TPLQLDPQQEQQLFR	0	6449.47	true	NH2-TPLQLDPQQEQQLFR-COOH	0	VAR|IDL348|ENSP00000385554|1198	TRUE	58964	ENSG00000185340	ENST00000407647	ENSP00000385554	22	+	29707639	GCC	GCCC	1198	
IDL348	313167	1.57837e-06	2	920.980164	-0.00213	-1.15764147074716	TPLQLDPQQEQQLFR	0	6451.63	true	NH2-TPLQLDPQQEQQLFR-COOH	0	VAR|IDL348|ENSP00000385554|1198	TRUE	58964	ENSG00000185340	ENST00000407647	ENSP00000385554	22	+	29707639	GCC	GCCC	1198	
IDL621	313169	5.2863e-08	2	920.980591	-0.001276	-0.693497895151821	TPLQLDPQQEQQLFR	0	6449.47	true	NH2-TPLQLDPQQEQQLFR-COOH	0	VAR|IDL621|ENSP00000450152|1198	TRUE	58971	ENSG00000185340	ENST00000471961	ENSP00000450152	22	+	29707639	GCC	GCCC	1198	
IDL621	313167	1.57837e-06	2	920.980164	-0.00213	-1.15764147074716	TPLQLDPQQEQQLFR	0	6451.63	true	NH2-TPLQLDPQQEQQLFR-COOH	0	VAR|IDL621|ENSP00000450152|1198	TRUE	58971	ENSG00000185340	ENST00000471961	ENSP00000450152	22	+	29707639	GCC	GCCC	1198	
