Index	Query	evalue	charge	mz	delta_da	delta_ppm	peptide	miss	rt	isSAP	mods	Qvalue	prot	isUnique	id	Strand	Frame	start	end	Substring
NTX148304	288277	5.00105000000001e-09	2	861.891785	-0.005381	-3.12526426407854	SSQSEEEEEVFGIPR	0	5831.95	true	NH2-SSQSEEEEEVFGIPR-COOH	0	VAR|NTX148304|CUFF.10760.1|-|F3|2	TRUE	CUFF.10760.1	-	3	80	764	2
NTX148304	288281	9.3585e-08	2	861.893494	-0.001963	-1.14010290845311	SSQSEEEEEVFGIPR	0	6459.13	true	NH2-SSQSEEEEEVFGIPR-COOH	0	VAR|NTX148304|CUFF.10760.1|-|F3|2	TRUE	CUFF.10760.1	-	3	80	764	2
NTX148304	288279	1.9519e-07	2	861.892578	-0.003795	-2.20412151685152	SSQSEEEEEVFGIPR	0	5829.21	true	NH2-SSQSEEEEEVFGIPR-COOH	0	VAR|NTX148304|CUFF.10760.1|-|F3|2	TRUE	CUFF.10760.1	-	3	80	764	2
NTX148304	288280	5.68215e-07	2	861.893066	-0.002819	-1.6372644416349	SSQSEEEEEVFGIPR	0	6456.31	true	NH2-SSQSEEEEEVFGIPR-COOH	0	VAR|NTX148304|CUFF.10760.1|-|F3|2	TRUE	CUFF.10760.1	-	3	80	764	2
NTX336509	347370	7.286e-07	2	1016.487183	-0.013285	-6.54119939182907	ALALNCFAPINDQEGAEAK	0	6133.08	true	NH2-ALALNC<Cmm*>FAPINDQEGAEAK-COOH	0	VAR|NTX336509|CUFF.11233.1|+|F3|1	TRUE	CUFF.11233.1	+	3	9	528	1
NTX336509	347374	1.177005e-06	2	1016.492065	-0.003521	-1.73365171687092	ALALNCFAPINDQEGAEAK	0	6135.08	true	NH2-ALALNC<Cmm*>FAPINDQEGAEAK-COOH	0	VAR|NTX336509|CUFF.11233.1|+|F3|1	TRUE	CUFF.11233.1	+	3	9	528	1
NTX336509	141557	8.1267e-06	2	580.24762	-0.002253	-1.9447847872971	DDDEPGPWTK	0	4397.92	true	NH2-DDDEPGPWTK-COOH	0.00143411858543179	VAR|NTX336509|CUFF.11233.1|+|F3|1	TRUE	CUFF.11233.1	+	3	9	528	1
NTX336509	141558	2.657665e-05	2	580.247803	-0.001887	-1.628854369121	DDDEPGPWTK	0	4399.96	true	NH2-DDDEPGPWTK-COOH	0.00487012019627087	VAR|NTX336509|CUFF.11233.1|+|F3|1	TRUE	CUFF.11233.1	+	3	9	528	1
NTX336509	260172	1.49102e-08	2	796.843506	-0.002558	-1.60711198647462	EEEEQQEGGFASPR	0	3770	true	NH2-EEEEQQEGGFASPR-COOH	0	VAR|NTX336509|CUFF.11233.1|+|F3|1	TRUE	CUFF.11233.1	+	3	9	528	1
NTX336509	260171	1.836825e-08	2	796.843079	-0.003412	-2.14365367390594	EEEEQQEGGFASPR	0	3768.24	true	NH2-EEEEQQEGGFASPR-COOH	0	VAR|NTX336509|CUFF.11233.1|+|F3|1	TRUE	CUFF.11233.1	+	3	9	528	1
NTX336509	369423	2.94576e-07	3	723.044373	-0.002982	-1.37665867270706	KLGLTMQYPEGYLEALANR	1	7654.33	true	NH2-KLGLTMQYPEGYLEALANR-COOH	0	VAR|NTX336509|CUFF.11233.1|+|F3|1	TRUE	CUFF.11233.1	+	3	9	528	1
NTX336509	369422	6.90465e-06	3	723.044373	-0.002982	-1.37665867270706	KLGLTMQYPEGYLEALANR	1	7656.01	true	NH2-KLGLTMQYPEGYLEALANR-COOH	0.00110389391115473	VAR|NTX336509|CUFF.11233.1|+|F3|1	TRUE	CUFF.11233.1	+	3	9	528	1
NTX336509	348618	2.92890500000001e-10	2	1020.015625	-0.00262	-1.28556190653341	LGLTMQYPEGYLEALANR	0	8431.79	true	NH2-LGLTMQYPEGYLEALANR-COOH	0	VAR|NTX336509|CUFF.11233.1|+|F3|1	TRUE	CUFF.11233.1	+	3	9	528	1
NTX336509	348621	3.752995e-10	2	1020.015991	-0.001888	-0.926389648677511	LGLTMQYPEGYLEALANR	0	8433.84	true	NH2-LGLTMQYPEGYLEALANR-COOH	0	VAR|NTX336509|CUFF.11233.1|+|F3|1	TRUE	CUFF.11233.1	+	3	9	528	1
NTX336509	348613	2.411625e-08	2	1020.012268	-0.009334	-4.57993696014613	LGLTMQYPEGYLEALANR	0	8466.99	true	NH2-LGLTMQYPEGYLEALANR-COOH	0	VAR|NTX336509|CUFF.11233.1|+|F3|1	TRUE	CUFF.11233.1	+	3	9	528	1
NTX336509	348619	2.49342e-05	3	680.346375	-0.002021	-0.991649088971	LGLTMQYPEGYLEALANR	0	8464.71	true	NH2-LGLTMQYPEGYLEALANR-COOH	0.00110389391115473	VAR|NTX336509|CUFF.11233.1|+|F3|1	TRUE	CUFF.11233.1	+	3	9	528	1
NTX336509	146247	2.596215e-06	2	586.835266	-0.0041	-3.49930843423461	LWNEVLASLK	0	7457.17	true	NH2-LWNEVLASLK-COOH	0	VAR|NTX336509|CUFF.11233.1|+|F3|1	TRUE	CUFF.11233.1	+	3	9	528	1
NTX336509	146248	2.928e-06	2	586.835266	-0.0041	-3.49930843423461	LWNEVLASLK	0	7459.52	true	NH2-LWNEVLASLK-COOH	0.000405686350327658	VAR|NTX336509|CUFF.11233.1|+|F3|1	TRUE	CUFF.11233.1	+	3	9	528	1
NTX336509	146256	3.401505e-06	2	586.83667	-0.001292	-1.10270890171491	LWNEVLASLK	0	7301.25	true	NH2-LWNEVLASLK-COOH	0.000405686350327658	VAR|NTX336509|CUFF.11233.1|+|F3|1	TRUE	CUFF.11233.1	+	3	9	528	1
NTX336509	146257	4.68195e-06	2	586.836731	-0.00117	-0.998583138549877	LWNEVLASLK	0	7303.29	true	NH2-LWNEVLASLK-COOH	0.000797489897792392	VAR|NTX336509|CUFF.11233.1|+|F3|1	TRUE	CUFF.11233.1	+	3	9	528	1
NTX336509	174394	1.16246e-08	2	630.314819	-0.00024	-0.190685744120678	NDASEVVLAGER	0	4528.95	true	NH2-NDASEVVLAGER-COOH	0	VAR|NTX336509|CUFF.11233.1|+|F3|1	TRUE	CUFF.11233.1	+	3	9	528	1
NTX336509	174395	1.904515e-08	2	630.314941	4e-06	0.00317809573534464	NDASEVVLAGER	0	4531.41	true	NH2-NDASEVVLAGER-COOH	0	VAR|NTX336509|CUFF.11233.1|+|F3|1	TRUE	CUFF.11233.1	+	3	9	528	1
NTX336509	191139	4.836485e-06	2	658.298035	-0.002527	-1.92228105126592	RDDDEPGPWTK	1	3685.56	true	NH2-RDDDEPGPWTK-COOH	0.000797489897792392	VAR|NTX336509|CUFF.11233.1|+|F3|1	TRUE	CUFF.11233.1	+	3	9	528	1
NTX336509	191138	4.06083e-05	3	439.200684	-0.003821	-2.90662283216742	RDDDEPGPWTK	1	3683.14	true	NH2-RDDDEPGPWTK-COOH	0.00110389391115473	VAR|NTX336509|CUFF.11233.1|+|F3|1	TRUE	CUFF.11233.1	+	3	9	528	1
NTX336509	294007	5.12669999999999e-10	2	874.894043	-0.002589	-1.48131100198123	REEEEQQEGGFASPR	1	3412.87	true	NH2-REEEEQQEGGFASPR-COOH	0	VAR|NTX336509|CUFF.11233.1|+|F3|1	TRUE	CUFF.11233.1	+	3	9	528	1
NTX336509	294010	3.145905e-09	2	874.894226	-0.002223	-1.27190203066986	REEEEQQEGGFASPR	1	3410.88	true	NH2-REEEEQQEGGFASPR-COOH	0	VAR|NTX336509|CUFF.11233.1|+|F3|1	TRUE	CUFF.11233.1	+	3	9	528	1
NTX336509	52294	2.954385e-05	2	432.739594	-0.000742	-0.859328027394284	SGFLVWR	0	6108.31	true	NH2-SGFLVWR-COOH	0.00538606847889695	VAR|NTX336509|CUFF.11233.1|+|F3|1	TRUE	CUFF.11233.1	+	3	9	528	1
NTX336509	52293	3.135685e-05	2	432.739502	-0.000926	-1.07242284820365	SGFLVWR	0	6110.7	true	NH2-SGFLVWR-COOH	0.00538606847889695	VAR|NTX336509|CUFF.11233.1|+|F3|1	TRUE	CUFF.11233.1	+	3	9	528	1
NTX336509	471668	5.535e-05	4	889.661682	-0.006125	-1.72310782589103	VEETFQCICCQELVFRPITTVCQHNVCK	0	6706.82	true	NH2-VEETFQC<Cmm*>IC<Cmm*>C<Cmm*>QELVFRPITTVC<Cmm*>QHNVC<Cmm*>K-COOH	0.00384843748842934	VAR|NTX336509|CUFF.11233.1|+|F3|1	TRUE	CUFF.11233.1	+	3	9	528	1
NTX336509	281797	2.95964e-09	2	846.447815	-0.007899	-4.67150718198809	VEPYSLTAQQSSLIR	0	5364.24	true	NH2-VEPYSLTAQQSSLIR-COOH	0	VAR|NTX336509|CUFF.11233.1|+|F3|1	TRUE	CUFF.11233.1	+	3	9	528	1
NTX336509	281796	7.40684999999999e-09	2	846.447083	-0.009363	-5.53732393277054	VEPYSLTAQQSSLIR	0	5361.95	true	NH2-VEPYSLTAQQSSLIR-COOH	0	VAR|NTX336509|CUFF.11233.1|+|F3|1	TRUE	CUFF.11233.1	+	3	9	528	1
NTX336509	345830	4.82793e-05	4	506.272522	-0.005773	-2.85641232779922	VQVSESGVHRPHVAGIHGR	0	2895.27	true	NH2-VQVSESGVHRPHVAGIHGR-COOH	0.00384843748842934	VAR|NTX336509|CUFF.11233.1|+|F3|1	TRUE	CUFF.11233.1	+	3	9	528	1
NTX762697	347370	7.286e-07	2	1016.487183	-0.013285	-6.54119939182907	ALALNCFAPINDQEGAEAK	0	6133.08	true	NH2-ALALNC<Cmm*>FAPINDQEGAEAK-COOH	0	VAR|NTX762697|CUFF.11234.1|+|F3|1	TRUE	CUFF.11234.1	+	3	9	528	1
NTX762697	347374	1.177005e-06	2	1016.492065	-0.003521	-1.73365171687092	ALALNCFAPINDQEGAEAK	0	6135.08	true	NH2-ALALNC<Cmm*>FAPINDQEGAEAK-COOH	0	VAR|NTX762697|CUFF.11234.1|+|F3|1	TRUE	CUFF.11234.1	+	3	9	528	1
NTX762697	141557	8.1267e-06	2	580.24762	-0.002253	-1.9447847872971	DDDEPGPWTK	0	4397.92	true	NH2-DDDEPGPWTK-COOH	0.00143411858543179	VAR|NTX762697|CUFF.11234.1|+|F3|1	TRUE	CUFF.11234.1	+	3	9	528	1
NTX762697	141558	2.657665e-05	2	580.247803	-0.001887	-1.628854369121	DDDEPGPWTK	0	4399.96	true	NH2-DDDEPGPWTK-COOH	0.00487012019627087	VAR|NTX762697|CUFF.11234.1|+|F3|1	TRUE	CUFF.11234.1	+	3	9	528	1
NTX762697	260172	1.49102e-08	2	796.843506	-0.002558	-1.60711198647462	EEEEQQEGGFASPR	0	3770	true	NH2-EEEEQQEGGFASPR-COOH	0	VAR|NTX762697|CUFF.11234.1|+|F3|1	TRUE	CUFF.11234.1	+	3	9	528	1
NTX762697	260171	1.836825e-08	2	796.843079	-0.003412	-2.14365367390594	EEEEQQEGGFASPR	0	3768.24	true	NH2-EEEEQQEGGFASPR-COOH	0	VAR|NTX762697|CUFF.11234.1|+|F3|1	TRUE	CUFF.11234.1	+	3	9	528	1
NTX762697	369423	2.94576e-07	3	723.044373	-0.002982	-1.37665867270706	KLGLTMQYPEGYLEALANR	1	7654.33	true	NH2-KLGLTMQYPEGYLEALANR-COOH	0	VAR|NTX762697|CUFF.11234.1|+|F3|1	TRUE	CUFF.11234.1	+	3	9	528	1
NTX762697	369422	6.90465e-06	3	723.044373	-0.002982	-1.37665867270706	KLGLTMQYPEGYLEALANR	1	7656.01	true	NH2-KLGLTMQYPEGYLEALANR-COOH	0.00110389391115473	VAR|NTX762697|CUFF.11234.1|+|F3|1	TRUE	CUFF.11234.1	+	3	9	528	1
NTX762697	348618	2.92890500000001e-10	2	1020.015625	-0.00262	-1.28556190653341	LGLTMQYPEGYLEALANR	0	8431.79	true	NH2-LGLTMQYPEGYLEALANR-COOH	0	VAR|NTX762697|CUFF.11234.1|+|F3|1	TRUE	CUFF.11234.1	+	3	9	528	1
NTX762697	348621	3.752995e-10	2	1020.015991	-0.001888	-0.926389648677511	LGLTMQYPEGYLEALANR	0	8433.84	true	NH2-LGLTMQYPEGYLEALANR-COOH	0	VAR|NTX762697|CUFF.11234.1|+|F3|1	TRUE	CUFF.11234.1	+	3	9	528	1
NTX762697	348613	2.411625e-08	2	1020.012268	-0.009334	-4.57993696014613	LGLTMQYPEGYLEALANR	0	8466.99	true	NH2-LGLTMQYPEGYLEALANR-COOH	0	VAR|NTX762697|CUFF.11234.1|+|F3|1	TRUE	CUFF.11234.1	+	3	9	528	1
NTX762697	348619	2.49342e-05	3	680.346375	-0.002021	-0.991649088971	LGLTMQYPEGYLEALANR	0	8464.71	true	NH2-LGLTMQYPEGYLEALANR-COOH	0.00110389391115473	VAR|NTX762697|CUFF.11234.1|+|F3|1	TRUE	CUFF.11234.1	+	3	9	528	1
NTX762697	146247	2.596215e-06	2	586.835266	-0.0041	-3.49930843423461	LWNEVLASLK	0	7457.17	true	NH2-LWNEVLASLK-COOH	0	VAR|NTX762697|CUFF.11234.1|+|F3|1	TRUE	CUFF.11234.1	+	3	9	528	1
NTX762697	146248	2.928e-06	2	586.835266	-0.0041	-3.49930843423461	LWNEVLASLK	0	7459.52	true	NH2-LWNEVLASLK-COOH	0.000405686350327658	VAR|NTX762697|CUFF.11234.1|+|F3|1	TRUE	CUFF.11234.1	+	3	9	528	1
NTX762697	146256	3.401505e-06	2	586.83667	-0.001292	-1.10270890171491	LWNEVLASLK	0	7301.25	true	NH2-LWNEVLASLK-COOH	0.000405686350327658	VAR|NTX762697|CUFF.11234.1|+|F3|1	TRUE	CUFF.11234.1	+	3	9	528	1
NTX762697	146257	4.68195e-06	2	586.836731	-0.00117	-0.998583138549877	LWNEVLASLK	0	7303.29	true	NH2-LWNEVLASLK-COOH	0.000797489897792392	VAR|NTX762697|CUFF.11234.1|+|F3|1	TRUE	CUFF.11234.1	+	3	9	528	1
NTX762697	174394	1.16246e-08	2	630.314819	-0.00024	-0.190685744120678	NDASEVVLAGER	0	4528.95	true	NH2-NDASEVVLAGER-COOH	0	VAR|NTX762697|CUFF.11234.1|+|F3|1	TRUE	CUFF.11234.1	+	3	9	528	1
NTX762697	174395	1.904515e-08	2	630.314941	4e-06	0.00317809573534464	NDASEVVLAGER	0	4531.41	true	NH2-NDASEVVLAGER-COOH	0	VAR|NTX762697|CUFF.11234.1|+|F3|1	TRUE	CUFF.11234.1	+	3	9	528	1
NTX762697	191139	4.836485e-06	2	658.298035	-0.002527	-1.92228105126592	RDDDEPGPWTK	1	3685.56	true	NH2-RDDDEPGPWTK-COOH	0.000797489897792392	VAR|NTX762697|CUFF.11234.1|+|F3|1	TRUE	CUFF.11234.1	+	3	9	528	1
NTX762697	191138	4.06083e-05	3	439.200684	-0.003821	-2.90662283216742	RDDDEPGPWTK	1	3683.14	true	NH2-RDDDEPGPWTK-COOH	0.00110389391115473	VAR|NTX762697|CUFF.11234.1|+|F3|1	TRUE	CUFF.11234.1	+	3	9	528	1
NTX762697	294007	5.12669999999999e-10	2	874.894043	-0.002589	-1.48131100198123	REEEEQQEGGFASPR	1	3412.87	true	NH2-REEEEQQEGGFASPR-COOH	0	VAR|NTX762697|CUFF.11234.1|+|F3|1	TRUE	CUFF.11234.1	+	3	9	528	1
NTX762697	294010	3.145905e-09	2	874.894226	-0.002223	-1.27190203066986	REEEEQQEGGFASPR	1	3410.88	true	NH2-REEEEQQEGGFASPR-COOH	0	VAR|NTX762697|CUFF.11234.1|+|F3|1	TRUE	CUFF.11234.1	+	3	9	528	1
NTX762697	52294	2.954385e-05	2	432.739594	-0.000742	-0.859328027394284	SGFLVWR	0	6108.31	true	NH2-SGFLVWR-COOH	0.00538606847889695	VAR|NTX762697|CUFF.11234.1|+|F3|1	TRUE	CUFF.11234.1	+	3	9	528	1
NTX762697	52293	3.135685e-05	2	432.739502	-0.000926	-1.07242284820365	SGFLVWR	0	6110.7	true	NH2-SGFLVWR-COOH	0.00538606847889695	VAR|NTX762697|CUFF.11234.1|+|F3|1	TRUE	CUFF.11234.1	+	3	9	528	1
NTX762697	471668	5.535e-05	4	889.661682	-0.006125	-1.72310782589103	VEETFQCICCQELVFRPITTVCQHNVCK	0	6706.82	true	NH2-VEETFQC<Cmm*>IC<Cmm*>C<Cmm*>QELVFRPITTVC<Cmm*>QHNVC<Cmm*>K-COOH	0.00384843748842934	VAR|NTX762697|CUFF.11234.1|+|F3|1	TRUE	CUFF.11234.1	+	3	9	528	1
NTX762697	281797	2.95964e-09	2	846.447815	-0.007899	-4.67150718198809	VEPYSLTAQQSSLIR	0	5364.24	true	NH2-VEPYSLTAQQSSLIR-COOH	0	VAR|NTX762697|CUFF.11234.1|+|F3|1	TRUE	CUFF.11234.1	+	3	9	528	1
NTX762697	281796	7.40684999999999e-09	2	846.447083	-0.009363	-5.53732393277054	VEPYSLTAQQSSLIR	0	5361.95	true	NH2-VEPYSLTAQQSSLIR-COOH	0	VAR|NTX762697|CUFF.11234.1|+|F3|1	TRUE	CUFF.11234.1	+	3	9	528	1
NTX762697	345830	4.82793e-05	4	506.272522	-0.005773	-2.85641232779922	VQVSESGVHRPHVAGIHGR	0	2895.27	true	NH2-VQVSESGVHRPHVAGIHGR-COOH	0.00384843748842934	VAR|NTX762697|CUFF.11234.1|+|F3|1	TRUE	CUFF.11234.1	+	3	9	528	1
NTX339716	357299	1.152235e-06	3	698.71521	-0.014336	-6.84904629070401	LSIRPNIQNPDPAVYQLR	0	5793.48	true	NH2-LSIRPNIQNPDPAVYQLR-COOH	0.000471325490155953	VAR|NTX339716|CUFF.15021.1|+|F3|1	TRUE	CUFF.15021.1	+	3	1	157	1
NTX339716	357300	2.949695e-06	3	698.717834	-0.006464	-3.08818605071922	LSIRPNIQNPDPAVYQLR	0	5791.65	true	NH2-LSIRPNIQNPDPAVYQLR-COOH	0.000471325490155953	VAR|NTX339716|CUFF.15021.1|+|F3|1	TRUE	CUFF.15021.1	+	3	1	157	1
NTX340304	309836	1.71632e-05	3	608.657837	-0.006065	-3.32701073661966	AKDFIHDSLPPVLTDR	1	5823.66	true	NH2-AKDFIHDSLPPVLTDR-COOH	0.00110389391115473	VAR|NTX340304|CUFF.16145.1|+|F3|1	TRUE	CUFF.16145.1	+	3	1	498	1
NTX340304	309835	2.358285e-05	3	608.657715	-0.006431	-3.5277833548559	AKDFIHDSLPPVLTDR	1	5826.54	true	NH2-AKDFIHDSLPPVLTDR-COOH	0.00110389391115473	VAR|NTX340304|CUFF.16145.1|+|F3|1	TRUE	CUFF.16145.1	+	3	1	498	1
NTX340304	311885	1.259895e-07	3	612.311279	-0.007547	-4.11522957771437	ALPAAAWSLYQAGCSLR	0	7875.1	true	NH2-ALPAAAWSLYQAGC<Cmm*>SLR-COOH	0	VAR|NTX340304|CUFF.16145.1|+|F3|1	TRUE	CUFF.16145.1	+	3	1	498	1
NTX340304	311886	0.000699525	3	612.31134	-0.007364	-4.01544330333756	ALPAAAWSLYQAGCSLR	0	7872.79	true	NH2-ALPAAAWSLYQAGC<Cmm*>SLR-COOH	0.00703600112700859	VAR|NTX340304|CUFF.16145.1|+|F3|1	TRUE	CUFF.16145.1	+	3	1	498	1
NTX340304	119094	1.46064e-05	2	544.825317	-0.00288	-2.6479375055709	ALSVYGLPIR	0	6143.51	true	NH2-ALSVYGLPIR-COOH	0.00273722470628906	VAR|NTX340304|CUFF.16145.1|+|F3|1	TRUE	CUFF.16145.1	+	3	1	498	1
NTX340304	119095	1.59513e-05	2	544.825378	-0.002758	-2.53576793068213	ALSVYGLPIR	0	6145.47	true	NH2-ALSVYGLPIR-COOH	0.00303970787129564	VAR|NTX340304|CUFF.16145.1|+|F3|1	TRUE	CUFF.16145.1	+	3	1	498	1
NTX340304	267527	3.831835e-06	2	812.92041	0.000584	0.359644514650995	DFIHDSLPPVLTDR	0	7022.42	true	NH2-DFIHDSLPPVLTDR-COOH	0.000405686350327658	VAR|NTX340304|CUFF.16145.1|+|F3|1	TRUE	CUFF.16145.1	+	3	1	498	1
NTX340304	267528	1.9504e-05	3	542.282715	0.000633	0.38982016742137	DFIHDSLPPVLTDR	0	7025.16	true	NH2-DFIHDSLPPVLTDR-COOH	0.00110389391115473	VAR|NTX340304|CUFF.16145.1|+|F3|1	TRUE	CUFF.16145.1	+	3	1	498	1
NTX340304	237984	8.56519999999999e-06	3	499.259827	-0.000282	-0.188659309575768	LGHFAPVDAVADQR	0	4157.34	true	NH2-LGHFAPVDAVADQR-COOH	0.00110389391115473	VAR|NTX340304|CUFF.16145.1|+|F3|1	TRUE	CUFF.16145.1	+	3	1	498	1
NTX340304	264902	7.77130000000001e-06	3	538.593689	-0.00013	-0.0806071894535681	NEEVQFGQHLDAAR	0	4124.01	true	NH2-NEEVQFGQHLDAAR-COOH	0.00110389391115473	VAR|NTX340304|CUFF.16145.1|+|F3|1	TRUE	CUFF.16145.1	+	3	1	498	1
NTX340304	402767	1.88016e-07	3	813.725403	0.002083	0.85433547432975	VGDLPCDSVEDQLSLATTLYDK	0	8123.77	true	NH2-VGDLPC<Cmm*>DSVEDQLSLATTLYDK-COOH	0	VAR|NTX340304|CUFF.16145.1|+|F3|1	TRUE	CUFF.16145.1	+	3	1	498	1
NTX340304	402769	5.3457e-07	3	813.726135	0.004279	1.7550175202386	VGDLPCDSVEDQLSLATTLYDK	0	8108.1	true	NH2-VGDLPC<Cmm*>DSVEDQLSLATTLYDK-COOH	0	VAR|NTX340304|CUFF.16145.1|+|F3|1	TRUE	CUFF.16145.1	+	3	1	498	1
NTX340304	402768	3.49814e-06	3	813.725403	0.002083	0.85433547432975	VGDLPCDSVEDQLSLATTLYDK	0	8245.75	true	NH2-VGDLPC<Cmm*>DSVEDQLSLATTLYDK-COOH	0.000471325490155953	VAR|NTX340304|CUFF.16145.1|+|F3|1	TRUE	CUFF.16145.1	+	3	1	498	1
NTX431835	233829	4.179455e-08	2	739.34082	-0.002117	-1.43363184715429	TQTLPSENSEESR	0	3393.49	true	NH2-TQTLPSENSEESR-COOH	0	VAR|NTX431835|CUFF.16146.1|+|F1|1	TRUE	CUFF.16146.1	+	1	1	119	1
NTX431835	233830	7.39595e-08	2	739.341064	-0.001629	-1.10315837459345	TQTLPSENSEESR	0	3391.08	true	NH2-TQTLPSENSEESR-COOH	0	VAR|NTX431835|CUFF.16146.1|+|F1|1	TRUE	CUFF.16146.1	+	1	1	119	1
NTX776463	143524	0.001009665	3	388.89386	-0.002647	-2.27471473021274	FLLEMTLLGK	0	5684.5	true	NH2-FLLEMTLLGK-COOH	0.00825747413855901	VAR|NTX776463|CUFF.16211.1|+|F3|1	TRUE	CUFF.16211.1	+	3	22	103	1
NTX346267	140269	1.629315e-05	2	578.275085	-0.003383	-2.93017385906394	SCSATLGNFAK	0	3712.44	true	NH2-SC<Cmm*>SATLGNFAK-COOH	0.00336661064397109	VAR|NTX346267|CUFF.22491.11|+|F3|31	TRUE	CUFF.22491.11	+	3	2686	2848	31
NTX346267	140268	7.23915e-05	2	578.275085	-0.003383	-2.93017385906394	SCSATLGNFAK	0	3714.38	true	NH2-SC<Cmm*>SATLGNFAK-COOH	0.00915894511438423	VAR|NTX346267|CUFF.22491.11|+|F3|31	TRUE	CUFF.22491.11	+	3	2686	2848	31
NTX93710	354437	5.30305e-08	2	1038.986938	-0.005352	-2.57807854915543	AKTEEQIAAEEAWNETEK	1	5712.85	true	NH2-AKTEEQIAAEEAWNETEK-COOH	0	VAR|NTX93710|CUFF.22818.7|-|F2|1	TRUE	CUFF.22818.7	-	2	1	1732	1
NTX93710	354438	5.4017e-08	2	1038.987305	-0.004618	-2.22450798579966	AKTEEQIAAEEAWNETEK	1	5715.22	true	NH2-AKTEEQIAAEEAWNETEK-COOH	0	VAR|NTX93710|CUFF.22818.7|-|F2|1	TRUE	CUFF.22818.7	-	2	1	1732	1
NTX93710	354440	1.793765e-07	2	1038.989136	-0.000956	-0.460508799139124	AKTEEQIAAEEAWNETEK	1	5683.27	true	NH2-AKTEEQIAAEEAWNETEK-COOH	0	VAR|NTX93710|CUFF.22818.7|-|F2|1	TRUE	CUFF.22818.7	-	2	1	1732	1
NTX97086	349174	0.0004488505	3	681.680603	-0.008004	-3.91963286438506	QNPLELEEVNISVTSASGR	0	10224.4	true	NH2-QNPLELEEVNISVTSASGR-COOH	0.00574167042355843	VAR|NTX97086|CUFF.25848.2|-|F2|7	TRUE	CUFF.25848.2	-	2	352	550	7
NTX289497	307177	6.6029e-06	2	905.483215	-0.004116	-2.27534556597953	TQYDEIGIPVALLSYK	0	8298.5	true	NH2-TQYDEIGIPVALLSYK-COOH	0.00143411858543179	VAR|NTX289497|CUFF.26315.2|+|F2|7	TRUE	CUFF.26315.2	+	2	494	933	7
NTX289483	307177	6.6029e-06	2	905.483215	-0.004116	-2.27534556597953	TQYDEIGIPVALLSYK	0	8298.5	true	NH2-TQYDEIGIPVALLSYK-COOH	0.00143411858543179	VAR|NTX289483|CUFF.26315.3|+|F2|7	TRUE	CUFF.26315.3	+	2	494	933	7
NTX349958	467618	1.329035e-08	3	1147.513306	-0.008384	-2.43754483745834	EGAAGADPPAMKPPAACAGDMADAASPCSVVNDLR	0	6608.89	true	NH2-EGAAGADPPAMKPPAAC<Cmm*>AGDMADAASPC<Cmm*>SVVNDLR-COOH	0	VAR|NTX349958|CUFF.26418.2|+|F3|1	TRUE	CUFF.26418.2	+	3	1	739	1
NTX289787	401918	4.953935e-06	3	811.384155	-0.001901	-0.781940091823986	DEPCSSTSRPALEEDVIYHVK	0	5206.29	true	NH2-DEPC<Cmm*>SSTSRPALEEDVIYHVK-COOH	0.00110389391115473	VAR|NTX289787|CUFF.26680.1|+|F2|1	TRUE	CUFF.26680.1	+	2	1	384	1
NTX289787	401938	8.18345e-06	3	811.385193	0.001213	0.498944414193843	DEPCSSTSRPALEEDVIYHVK	0	5201.45	true	NH2-DEPC<Cmm*>SSTSRPALEEDVIYHVK-COOH	0.00110389391115473	VAR|NTX289787|CUFF.26680.1|+|F2|1	TRUE	CUFF.26680.1	+	2	1	384	1
NTX289787	372791	8.69555e-08	2	1095.422974	-0.005854	-2.67447933828794	DSELSDTDSGCCLGQSESDK	0	4365.06	true	NH2-DSELSDTDSGC<Cmm*>C<Cmm*>LGQSESDK-COOH	0	VAR|NTX289787|CUFF.26680.1|+|F2|1	TRUE	CUFF.26680.1	+	2	1	384	1
NTX289787	372792	1.662245e-07	2	1095.423462	-0.004878	-2.22858049404998	DSELSDTDSGCCLGQSESDK	0	4362.99	true	NH2-DSELSDTDSGC<Cmm*>C<Cmm*>LGQSESDK-COOH	0	VAR|NTX289787|CUFF.26680.1|+|F2|1	TRUE	CUFF.26680.1	+	2	1	384	1
NTX289787	334116	9.1777e-07	2	976.95459	8.1e-05	0.0414981434957613	ELYANVVLGDDSLNDCR	0	6686.7	true	NH2-ELYANVVLGDDSLNDC<Cmm*>R-COOH	0	VAR|NTX289787|CUFF.26680.1|+|F2|1	TRUE	CUFF.26680.1	+	2	1	384	1
NTX289787	334113	1.587875e-05	2	976.953247	-0.002605	-1.33460078773405	ELYANVVLGDDSLNDCR	0	6506.3	true	NH2-ELYANVVLGDDSLNDC<Cmm*>R-COOH	0.00303970787129564	VAR|NTX289787|CUFF.26680.1|+|F2|1	TRUE	CUFF.26680.1	+	2	1	384	1
NTX289787	406558	3.09594e-10	2	1237.994751	-0.005992	-2.42200733978007	ERDSELSDTDSGCCLGQSESDK	1	3987.85	true	NH2-ERDSELSDTDSGC<Cmm*>C<Cmm*>LGQSESDK-COOH	0	VAR|NTX289787|CUFF.26680.1|+|F2|1	TRUE	CUFF.26680.1	+	2	1	384	1
NTX289787	406559	1.33028e-09	3	825.666138	-0.004356	-1.76072496196294	ERDSELSDTDSGCCLGQSESDK	1	3984.4	true	NH2-ERDSELSDTDSGC<Cmm*>C<Cmm*>LGQSESDK-COOH	0	VAR|NTX289787|CUFF.26680.1|+|F2|1	TRUE	CUFF.26680.1	+	2	1	384	1
NTX289787	169125	1.19102e-05	2	622.2901	-0.001277	-1.02771124380282	GFWYDAEISR	0	5976.72	true	NH2-GFWYDAEISR-COOH	0.0024068506587472	VAR|NTX289787|CUFF.26680.1|+|F2|1	TRUE	CUFF.26680.1	+	2	1	384	1
NTX289787	169124	2.519155e-05	2	622.289673	-0.002131	-1.71499816800612	GFWYDAEISR	0	5979.34	true	NH2-GFWYDAEISR-COOH	0.00457376604933269	VAR|NTX289787|CUFF.26680.1|+|F2|1	TRUE	CUFF.26680.1	+	2	1	384	1
NTX289787	301796	7.7588e-06	3	595.619019	0.000711	0.398579572726936	IERPGEGSPMVDNPMR	0	4051.04	true	NH2-IERPGEGSPMVDNPMR-COOH	0.00110389391115473	VAR|NTX289787|CUFF.26680.1|+|F2|1	TRUE	CUFF.26680.1	+	2	1	384	1
NTX289787	301794	1.645645e-05	3	595.618958	0.000528	0.295991581434349	IERPGEGSPMVDNPMR	0	4048.55	true	NH2-IERPGEGSPMVDNPMR-COOH	0.00110389391115473	VAR|NTX289787|CUFF.26680.1|+|F2|1	TRUE	CUFF.26680.1	+	2	1	384	1
NTX289787	125811	3.152175e-06	2	555.315063	-0.001278	-1.15278781636273	IIFVDEVFK	0	7204.88	true	NH2-IIFVDEVFK-COOH	0.000405686350327658	VAR|NTX289787|CUFF.26680.1|+|F2|1	TRUE	CUFF.26680.1	+	2	1	384	1
NTX289787	125805	3.73107e-06	2	555.31366	-0.004084	-3.6838696729463	IIFVDEVFK	0	7202.3	true	NH2-IIFVDEVFK-COOH	0.000405686350327658	VAR|NTX289787|CUFF.26680.1|+|F2|1	TRUE	CUFF.26680.1	+	2	1	384	1
NTX289787	254475	1.51099e-05	3	522.617554	-0.005332	-3.40738546044059	IQELFHVEPGLQR	0	4976.92	true	NH2-IQELFHVEPGLQR-COOH	0.00110389391115473	VAR|NTX289787|CUFF.26680.1|+|F2|1	TRUE	CUFF.26680.1	+	2	1	384	1
NTX289787	254474	2.604145e-05	3	522.617371	-0.005881	-3.75822091013712	IQELFHVEPGLQR	0	4979.37	true	NH2-IQELFHVEPGLQR-COOH	0.00110389391115473	VAR|NTX289787|CUFF.26680.1|+|F2|1	TRUE	CUFF.26680.1	+	2	1	384	1
NTX289787	291780	9.05540000000001e-07	3	580.593201	-0.00431	-2.47877500733518	QMEDGHTLFDYEVR	0	5344.94	true	NH2-QMEDGHTLFDYEVR-COOH	0	VAR|NTX289787|CUFF.26680.1|+|F2|1	TRUE	CUFF.26680.1	+	2	1	384	1
NTX289787	295314	1.37493e-06	3	585.926453	0.000527	0.300326483267309	QMEDGHTLFDYEVR	0	5008.35	true	NH2-QM<Mox>EDGHTLFDYEVR-COOH	0.000471325490155953	VAR|NTX289787|CUFF.26680.1|+|F2|1	TRUE	CUFF.26680.1	+	2	1	384	1
NTX289787	462655	1.74703e-07	4	828.609558	-0.011648	-3.51858594062908	SSTHGEAAAETDSRPADEDMWDETELGLYK	0	6469.81	true	NH2-SSTHGEAAAETDSRPADEDMWDETELGLYK-COOH	0	VAR|NTX289787|CUFF.26680.1|+|F2|1	TRUE	CUFF.26680.1	+	2	1	384	1
NTX289787	462656	2.564755e-07	4	828.609741	-0.010916	-3.29746601372828	SSTHGEAAAETDSRPADEDMWDETELGLYK	0	6466.89	true	NH2-SSTHGEAAAETDSRPADEDMWDETELGLYK-COOH	0	VAR|NTX289787|CUFF.26680.1|+|F2|1	TRUE	CUFF.26680.1	+	2	1	384	1
NTX289787	80943	4.183595e-06	2	483.235596	-0.004755	-4.930212888407	VNEYVDAR	0	1610.6	true	NH2-VNEYVDAR-COOH	0.000405686350327658	VAR|NTX289787|CUFF.26680.1|+|F2|1	TRUE	CUFF.26680.1	+	2	1	384	1
NTX289787	80942	3.70072e-05	2	483.235535	-0.004877	-5.05670836104332	VNEYVDAR	0	1612.98	true	NH2-VNEYVDAR-COOH	0.00566864440863241	VAR|NTX289787|CUFF.26680.1|+|F2|1	TRUE	CUFF.26680.1	+	2	1	384	1
NTX350204	401918	4.953935e-06	3	811.384155	-0.001901	-0.781940091823986	DEPCSSTSRPALEEDVIYHVK	0	5206.29	true	NH2-DEPC<Cmm*>SSTSRPALEEDVIYHVK-COOH	0.00110389391115473	VAR|NTX350204|CUFF.26680.2|+|F3|1	TRUE	CUFF.26680.2	+	3	1	348	1
NTX350204	401938	8.18345e-06	3	811.385193	0.001213	0.498944414193843	DEPCSSTSRPALEEDVIYHVK	0	5201.45	true	NH2-DEPC<Cmm*>SSTSRPALEEDVIYHVK-COOH	0.00110389391115473	VAR|NTX350204|CUFF.26680.2|+|F3|1	TRUE	CUFF.26680.2	+	3	1	348	1
NTX350204	372791	8.69555e-08	2	1095.422974	-0.005854	-2.67447933828794	DSELSDTDSGCCLGQSESDK	0	4365.06	true	NH2-DSELSDTDSGC<Cmm*>C<Cmm*>LGQSESDK-COOH	0	VAR|NTX350204|CUFF.26680.2|+|F3|1	TRUE	CUFF.26680.2	+	3	1	348	1
NTX350204	372792	1.662245e-07	2	1095.423462	-0.004878	-2.22858049404998	DSELSDTDSGCCLGQSESDK	0	4362.99	true	NH2-DSELSDTDSGC<Cmm*>C<Cmm*>LGQSESDK-COOH	0	VAR|NTX350204|CUFF.26680.2|+|F3|1	TRUE	CUFF.26680.2	+	3	1	348	1
NTX350204	334116	9.1777e-07	2	976.95459	8.1e-05	0.0414981434957613	ELYANVVLGDDSLNDCR	0	6686.7	true	NH2-ELYANVVLGDDSLNDC<Cmm*>R-COOH	0	VAR|NTX350204|CUFF.26680.2|+|F3|1	TRUE	CUFF.26680.2	+	3	1	348	1
NTX350204	334113	1.587875e-05	2	976.953247	-0.002605	-1.33460078773405	ELYANVVLGDDSLNDCR	0	6506.3	true	NH2-ELYANVVLGDDSLNDC<Cmm*>R-COOH	0.00303970787129564	VAR|NTX350204|CUFF.26680.2|+|F3|1	TRUE	CUFF.26680.2	+	3	1	348	1
NTX350204	406558	3.09594e-10	2	1237.994751	-0.005992	-2.42200733978007	ERDSELSDTDSGCCLGQSESDK	1	3987.85	true	NH2-ERDSELSDTDSGC<Cmm*>C<Cmm*>LGQSESDK-COOH	0	VAR|NTX350204|CUFF.26680.2|+|F3|1	TRUE	CUFF.26680.2	+	3	1	348	1
NTX350204	406559	1.33028e-09	3	825.666138	-0.004356	-1.76072496196294	ERDSELSDTDSGCCLGQSESDK	1	3984.4	true	NH2-ERDSELSDTDSGC<Cmm*>C<Cmm*>LGQSESDK-COOH	0	VAR|NTX350204|CUFF.26680.2|+|F3|1	TRUE	CUFF.26680.2	+	3	1	348	1
NTX350204	169125	1.19102e-05	2	622.2901	-0.001277	-1.02771124380282	GFWYDAEISR	0	5976.72	true	NH2-GFWYDAEISR-COOH	0.0024068506587472	VAR|NTX350204|CUFF.26680.2|+|F3|1	TRUE	CUFF.26680.2	+	3	1	348	1
NTX350204	169124	2.519155e-05	2	622.289673	-0.002131	-1.71499816800612	GFWYDAEISR	0	5979.34	true	NH2-GFWYDAEISR-COOH	0.00457376604933269	VAR|NTX350204|CUFF.26680.2|+|F3|1	TRUE	CUFF.26680.2	+	3	1	348	1
NTX350204	301796	7.7588e-06	3	595.619019	0.000711	0.398579572726936	IERPGEGSPMVDNPMR	0	4051.04	true	NH2-IERPGEGSPMVDNPMR-COOH	0.00110389391115473	VAR|NTX350204|CUFF.26680.2|+|F3|1	TRUE	CUFF.26680.2	+	3	1	348	1
NTX350204	301794	1.645645e-05	3	595.618958	0.000528	0.295991581434349	IERPGEGSPMVDNPMR	0	4048.55	true	NH2-IERPGEGSPMVDNPMR-COOH	0.00110389391115473	VAR|NTX350204|CUFF.26680.2|+|F3|1	TRUE	CUFF.26680.2	+	3	1	348	1
NTX350204	125811	3.152175e-06	2	555.315063	-0.001278	-1.15278781636273	IIFVDEVFK	0	7204.88	true	NH2-IIFVDEVFK-COOH	0.000405686350327658	VAR|NTX350204|CUFF.26680.2|+|F3|1	TRUE	CUFF.26680.2	+	3	1	348	1
NTX350204	125805	3.73107e-06	2	555.31366	-0.004084	-3.6838696729463	IIFVDEVFK	0	7202.3	true	NH2-IIFVDEVFK-COOH	0.000405686350327658	VAR|NTX350204|CUFF.26680.2|+|F3|1	TRUE	CUFF.26680.2	+	3	1	348	1
NTX350204	254475	1.51099e-05	3	522.617554	-0.005332	-3.40738546044059	IQELFHVEPGLQR	0	4976.92	true	NH2-IQELFHVEPGLQR-COOH	0.00110389391115473	VAR|NTX350204|CUFF.26680.2|+|F3|1	TRUE	CUFF.26680.2	+	3	1	348	1
NTX350204	254474	2.604145e-05	3	522.617371	-0.005881	-3.75822091013712	IQELFHVEPGLQR	0	4979.37	true	NH2-IQELFHVEPGLQR-COOH	0.00110389391115473	VAR|NTX350204|CUFF.26680.2|+|F3|1	TRUE	CUFF.26680.2	+	3	1	348	1
NTX350204	291780	9.05540000000001e-07	3	580.593201	-0.00431	-2.47877500733518	QMEDGHTLFDYEVR	0	5344.94	true	NH2-QMEDGHTLFDYEVR-COOH	0	VAR|NTX350204|CUFF.26680.2|+|F3|1	TRUE	CUFF.26680.2	+	3	1	348	1
NTX350204	295314	1.37493e-06	3	585.926453	0.000527	0.300326483267309	QMEDGHTLFDYEVR	0	5008.35	true	NH2-QM<Mox>EDGHTLFDYEVR-COOH	0.000471325490155953	VAR|NTX350204|CUFF.26680.2|+|F3|1	TRUE	CUFF.26680.2	+	3	1	348	1
NTX350204	462655	1.74703e-07	4	828.609558	-0.011648	-3.51858594062908	SSTHGEAAAETDSRPADEDMWDETELGLYK	0	6469.81	true	NH2-SSTHGEAAAETDSRPADEDMWDETELGLYK-COOH	0	VAR|NTX350204|CUFF.26680.2|+|F3|1	TRUE	CUFF.26680.2	+	3	1	348	1
NTX350204	462656	2.564755e-07	4	828.609741	-0.010916	-3.29746601372828	SSTHGEAAAETDSRPADEDMWDETELGLYK	0	6466.89	true	NH2-SSTHGEAAAETDSRPADEDMWDETELGLYK-COOH	0	VAR|NTX350204|CUFF.26680.2|+|F3|1	TRUE	CUFF.26680.2	+	3	1	348	1
NTX350204	80943	4.183595e-06	2	483.235596	-0.004755	-4.930212888407	VNEYVDAR	0	1610.6	true	NH2-VNEYVDAR-COOH	0.000405686350327658	VAR|NTX350204|CUFF.26680.2|+|F3|1	TRUE	CUFF.26680.2	+	3	1	348	1
NTX350204	80942	3.70072e-05	2	483.235535	-0.004877	-5.05670836104332	VNEYVDAR	0	1612.98	true	NH2-VNEYVDAR-COOH	0.00566864440863241	VAR|NTX350204|CUFF.26680.2|+|F3|1	TRUE	CUFF.26680.2	+	3	1	348	1
NTX632241	146247	2.596215e-06	2	586.835266	-0.0041	-3.49930843423461	LWNEVLASLK	0	7457.17	true	NH2-LWNEVLASLK-COOH	0	VAR|NTX632241|CUFF.26681.1|+|F2|16	TRUE	CUFF.26681.1	+	2	1282	1503	16
NTX632241	146248	2.928e-06	2	586.835266	-0.0041	-3.49930843423461	LWNEVLASLK	0	7459.52	true	NH2-LWNEVLASLK-COOH	0.000405686350327658	VAR|NTX632241|CUFF.26681.1|+|F2|16	TRUE	CUFF.26681.1	+	2	1282	1503	16
NTX632241	146256	3.401505e-06	2	586.83667	-0.001292	-1.10270890171491	LWNEVLASLK	0	7301.25	true	NH2-LWNEVLASLK-COOH	0.000405686350327658	VAR|NTX632241|CUFF.26681.1|+|F2|16	TRUE	CUFF.26681.1	+	2	1282	1503	16
NTX632241	146257	4.68195e-06	2	586.836731	-0.00117	-0.998583138549877	LWNEVLASLK	0	7303.29	true	NH2-LWNEVLASLK-COOH	0.000797489897792392	VAR|NTX632241|CUFF.26681.1|+|F2|16	TRUE	CUFF.26681.1	+	2	1282	1503	16
NTX632241	281797	2.95964e-09	2	846.447815	-0.007899	-4.67150718198809	VEPYSLTAQQSSLIR	0	5364.24	true	NH2-VEPYSLTAQQSSLIR-COOH	0	VAR|NTX632241|CUFF.26681.1|+|F2|16	TRUE	CUFF.26681.1	+	2	1282	1503	16
NTX632241	281796	7.40684999999999e-09	2	846.447083	-0.009363	-5.53732393277054	VEPYSLTAQQSSLIR	0	5361.95	true	NH2-VEPYSLTAQQSSLIR-COOH	0	VAR|NTX632241|CUFF.26681.1|+|F2|16	TRUE	CUFF.26681.1	+	2	1282	1503	16
NTX231411	462042	6.92495e-09	3	1098.476196	-0.00596	-1.81022262603821	GTQEAEEEGSEATPEAGPEGQETAEITDFQR	0	6102.14	true	NH2-GTQEAEEEGSEATPEAGPEGQETAEITDFQR-COOH	0	VAR|NTX231411|CUFF.28795.2|+|F1|1	TRUE	CUFF.28795.2	+	1	26	649	1
NTX231411	462041	1.43552e-08	3	1098.474976	-0.00962	-2.92186940645764	GTQEAEEEGSEATPEAGPEGQETAEITDFQR	0	6126.49	true	NH2-GTQEAEEEGSEATPEAGPEGQETAEITDFQR-COOH	0	VAR|NTX231411|CUFF.28795.2|+|F1|1	TRUE	CUFF.28795.2	+	1	26	649	1
NTX293027	261971	5.41195e-08	2	800.428345	-0.00355	-2.2203518617489	DPWYSTVGLLPPVR	0	7959.09	true	NH2-DPWYSTVGLLPPVR-COOH	0	VAR|NTX293027|CUFF.29481.3|+|F2|1	TRUE	CUFF.29481.3	+	2	24	172	1
NTX293027	261970	7.4238e-08	2	800.428101	-0.004038	-2.52557206133579	DPWYSTVGLLPPVR	0	7961.37	true	NH2-DPWYSTVGLLPPVR-COOH	0	VAR|NTX293027|CUFF.29481.3|+|F2|1	TRUE	CUFF.29481.3	+	2	24	172	1
NTX293027	261977	1.830315e-07	2	800.430359	0.000478	0.298965687300274	DPWYSTVGLLPPVR	0	7953.99	true	NH2-DPWYSTVGLLPPVR-COOH	0	VAR|NTX293027|CUFF.29481.3|+|F2|1	TRUE	CUFF.29481.3	+	2	24	172	1
NTX293027	295467	1.23997e-05	3	585.987793	-0.005242	-2.98698514445503	RDPWYSTVGLLPPVR	1	7063.21	true	NH2-RDPWYSTVGLLPPVR-COOH	0.00110389391115473	VAR|NTX293027|CUFF.29481.3|+|F2|1	TRUE	CUFF.29481.3	+	2	24	172	1
NTX293027	295468	1.707135e-05	3	585.987976	-0.004693	-2.67415514744896	RDPWYSTVGLLPPVR	1	7057.56	true	NH2-RDPWYSTVGLLPPVR-COOH	0.00110389391115473	VAR|NTX293027|CUFF.29481.3|+|F2|1	TRUE	CUFF.29481.3	+	2	24	172	1
NTX293027	380559	6.04714999999999e-10	2	1123.555908	-0.00764	-3.40295902716535	TEQGPTGVTMTSNPITWGQIK	0	6616.71	true	NH2-TEQGPTGVTMTSNPITWGQIK-COOH	0	VAR|NTX293027|CUFF.29481.3|+|F2|1	TRUE	CUFF.29481.3	+	2	24	172	1
NTX293027	380560	1.143925e-07	2	1123.556152	-0.007152	-3.18559724637259	TEQGPTGVTMTSNPITWGQIK	0	6613.75	true	NH2-TEQGPTGVTMTSNPITWGQIK-COOH	0	VAR|NTX293027|CUFF.29481.3|+|F2|1	TRUE	CUFF.29481.3	+	2	24	172	1
NTX171043	363088	3.306195e-07	2	1064.987671	-0.014079	-6.61614956318359	HYSPEDEPSPEAQPIAAYK	0	4415.04	true	NH2-HYSPEDEPSPEAQPIAAYK-COOH	0	VAR|NTX171043|CUFF.30820.2|-|F3|3	TRUE	CUFF.30820.2	-	3	92	1256	3
NTX171043	363089	2.13201e-06	2	1064.987915	-0.013591	-6.38682354664594	HYSPEDEPSPEAQPIAAYK	0	4417.74	true	NH2-HYSPEDEPSPEAQPIAAYK-COOH	0	VAR|NTX171043|CUFF.30820.2|-|F3|3	TRUE	CUFF.30820.2	-	3	92	1256	3
NTX171043	300803	2.693205e-08	2	890.413574	-0.001903	-1.06981363209588	SSMAPSQPEESDVFLR	0	5323.09	true	NH2-SSMAPSQPEESDVFLR-COOH	0	VAR|NTX171043|CUFF.30820.2|-|F3|3	TRUE	CUFF.30820.2	-	3	92	1256	3
NTX171043	300804	4.60328e-07	2	890.414307	-0.000437	-0.24566923658744	SSMAPSQPEESDVFLR	0	5321.11	true	NH2-SSMAPSQPEESDVFLR-COOH	0	VAR|NTX171043|CUFF.30820.2|-|F3|3	TRUE	CUFF.30820.2	-	3	92	1256	3
NTX171043	220920	8.2711e-08	2	712.344055	-0.000331	-0.232660487100568	TQNNLESDYLAR	0	4373.74	true	NH2-TQNNLESDYLAR-COOH	0	VAR|NTX171043|CUFF.30820.2|-|F3|3	TRUE	CUFF.30820.2	-	3	92	1256	3
NTX171043	220918	1.66078e-07	2	712.343811	-0.000819	-0.57567655267482	TQNNLESDYLAR	0	4370.8	true	NH2-TQNNLESDYLAR-COOH	0	VAR|NTX171043|CUFF.30820.2|-|F3|3	TRUE	CUFF.30820.2	-	3	92	1256	3
NTX171043	319143	8.28125e-06	2	936.987305	-0.006846	-3.65711593798562	TTELPAADPFALAPFPSK	0	7876.94	true	NH2-TTELPAADPFALAPFPSK-COOH	0.00143411858543179	VAR|NTX171043|CUFF.30820.2|-|F3|3	TRUE	CUFF.30820.2	-	3	92	1256	3
NTX171043	319150	1.25286e-05	3	624.994995	-0.003747	-2.00163795203507	TTELPAADPFALAPFPSK	0	7874.92	true	NH2-TTELPAADPFALAPFPSK-COOH	0.00110389391115473	VAR|NTX171043|CUFF.30820.2|-|F3|3	TRUE	CUFF.30820.2	-	3	92	1256	3
NTX171043	180602	1.842165e-06	2	640.796692	0.003377	2.63915659432526	VPNDDMDIFSK	0	5327.33	true	NH2-VPNDDMDIFSK-COOH	0	VAR|NTX171043|CUFF.30820.2|-|F3|3	TRUE	CUFF.30820.2	-	3	92	1256	3
NTX171043	180604	4.303395e-06	2	640.796814	0.003621	2.82984484099845	VPNDDMDIFSK	0	5325.67	true	NH2-VPNDDMDIFSK-COOH	0.000797489897792392	VAR|NTX171043|CUFF.30820.2|-|F3|3	TRUE	CUFF.30820.2	-	3	92	1256	3
NTX171061	363088	3.306195e-07	2	1064.987671	-0.014079	-6.61614956318359	HYSPEDEPSPEAQPIAAYK	0	4415.04	true	NH2-HYSPEDEPSPEAQPIAAYK-COOH	0	VAR|NTX171061|CUFF.30820.4|-|F3|3	TRUE	CUFF.30820.4	-	3	92	1322	3
NTX171061	363089	2.13201e-06	2	1064.987915	-0.013591	-6.38682354664594	HYSPEDEPSPEAQPIAAYK	0	4417.74	true	NH2-HYSPEDEPSPEAQPIAAYK-COOH	0	VAR|NTX171061|CUFF.30820.4|-|F3|3	TRUE	CUFF.30820.4	-	3	92	1322	3
NTX171061	300803	2.693205e-08	2	890.413574	-0.001903	-1.06981363209588	SSMAPSQPEESDVFLR	0	5323.09	true	NH2-SSMAPSQPEESDVFLR-COOH	0	VAR|NTX171061|CUFF.30820.4|-|F3|3	TRUE	CUFF.30820.4	-	3	92	1322	3
NTX171061	300804	4.60328e-07	2	890.414307	-0.000437	-0.24566923658744	SSMAPSQPEESDVFLR	0	5321.11	true	NH2-SSMAPSQPEESDVFLR-COOH	0	VAR|NTX171061|CUFF.30820.4|-|F3|3	TRUE	CUFF.30820.4	-	3	92	1322	3
NTX171061	220920	8.2711e-08	2	712.344055	-0.000331	-0.232660487100568	TQNNLESDYLAR	0	4373.74	true	NH2-TQNNLESDYLAR-COOH	0	VAR|NTX171061|CUFF.30820.4|-|F3|3	TRUE	CUFF.30820.4	-	3	92	1322	3
NTX171061	220918	1.66078e-07	2	712.343811	-0.000819	-0.57567655267482	TQNNLESDYLAR	0	4370.8	true	NH2-TQNNLESDYLAR-COOH	0	VAR|NTX171061|CUFF.30820.4|-|F3|3	TRUE	CUFF.30820.4	-	3	92	1322	3
NTX171061	319143	8.28125e-06	2	936.987305	-0.006846	-3.65711593798562	TTELPAADPFALAPFPSK	0	7876.94	true	NH2-TTELPAADPFALAPFPSK-COOH	0.00143411858543179	VAR|NTX171061|CUFF.30820.4|-|F3|3	TRUE	CUFF.30820.4	-	3	92	1322	3
NTX171061	319150	1.25286e-05	3	624.994995	-0.003747	-2.00163795203507	TTELPAADPFALAPFPSK	0	7874.92	true	NH2-TTELPAADPFALAPFPSK-COOH	0.00110389391115473	VAR|NTX171061|CUFF.30820.4|-|F3|3	TRUE	CUFF.30820.4	-	3	92	1322	3
NTX171061	180602	1.842165e-06	2	640.796692	0.003377	2.63915659432526	VPNDDMDIFSK	0	5327.33	true	NH2-VPNDDMDIFSK-COOH	0	VAR|NTX171061|CUFF.30820.4|-|F3|3	TRUE	CUFF.30820.4	-	3	92	1322	3
NTX171061	180604	4.303395e-06	2	640.796814	0.003621	2.82984484099845	VPNDDMDIFSK	0	5325.67	true	NH2-VPNDDMDIFSK-COOH	0.000797489897792392	VAR|NTX171061|CUFF.30820.4|-|F3|3	TRUE	CUFF.30820.4	-	3	92	1322	3
NTX209461	335095	2.09883e-06	2	979.905273	-0.003979	-2.03238331539194	GEEEDGYIEDCYVPQR	0	5646.67	true	NH2-GEEEDGYIEDC<Cmm*>YVPQR-COOH	0	VAR|NTX209461|CUFF.3391.17|+|F1|4	TRUE	CUFF.3391.17	+	1	199	3690	4
NTX209461	335094	1.181815e-05	2	979.904358	-0.005809	-2.96710597615275	GEEEDGYIEDCYVPQR	0	5638.57	true	NH2-GEEEDGYIEDC<Cmm*>YVPQR-COOH	0.0024068506587472	VAR|NTX209461|CUFF.3391.17|+|F1|4	TRUE	CUFF.3391.17	+	1	199	3690	4
NTX39727	142348	2.32338e-07	2	581.288147	-0.00558	-4.80799337894851	SSTDSLPGELR	0	4089.77	true	NH2-SSTDSLPGELR-COOH	0	VAR|NTX39727|CUFF.34965.1|-|F1|1	TRUE	CUFF.34965.1	-	1	1	461	1
NTX39727	142342	1.89188e-06	2	581.286621	-0.008632	-7.43774172886801	SSTDSLPGELR	0	4078.06	true	NH2-SSTDSLPGELR-COOH	0	VAR|NTX39727|CUFF.34965.1|-|F1|1	TRUE	CUFF.34965.1	-	1	1	461	1
NTX359334	318901	0.000421469	3	624.667175	-0.000543	-0.290222199246743	GGWTGLPLLPGGSGSFRGR	1	9623.15	true	NH2-GGWTGLPLLPGGSGSFRGR-COOH	0.00574167042355843	VAR|NTX359334|CUFF.35116.1|+|F3|15	TRUE	CUFF.35116.1	+	3	1204	1351	15
NTX359334	318902	0.000944785000000001	3	624.667236	-0.00036	-0.192412507787896	GGWTGLPLLPGGSGSFRGR	1	9620.78	true	NH2-GGWTGLPLLPGGSGSFRGR-COOH	0.00825747413855901	VAR|NTX359334|CUFF.35116.1|+|F3|15	TRUE	CUFF.35116.1	+	3	1204	1351	15
NTX238694	318901	0.000421469	3	624.667175	-0.000543	-0.290222199246743	GGWTGLPLLPGGSGSFRGR	1	9623.15	true	NH2-GGWTGLPLLPGGSGSFRGR-COOH	0.00574167042355843	VAR|NTX238694|CUFF.35116.2|+|F1|6	TRUE	CUFF.35116.2	+	1	343	490	6
NTX238694	318902	0.000944785000000001	3	624.667236	-0.00036	-0.192412507787896	GGWTGLPLLPGGSGSFRGR	1	9620.78	true	NH2-GGWTGLPLLPGGSGSFRGR-COOH	0.00825747413855901	VAR|NTX238694|CUFF.35116.2|+|F1|6	TRUE	CUFF.35116.2	+	1	343	490	6
NTX672265	40369	8.71064999999999e-06	2	410.252014	-0.000697	-0.851567951567819	IIYPVSK	0	3929.15	true	NH2-IIYPVSK-COOH	0.00143411858543179	VAR|NTX672265|CUFF.40251.1|+|F2|1	TRUE	CUFF.40251.1	+	2	8	93	1
NTX672265	40370	9.03305e-06	2	410.252106	-0.000513	-0.626763786448051	IIYPVSK	0	3924.12	true	NH2-IIYPVSK-COOH	0.00143411858543179	VAR|NTX672265|CUFF.40251.1|+|F2|1	TRUE	CUFF.40251.1	+	2	8	93	1
NTX1198530	194434	0.001041625	3	442.557251	-0.002465	-1.86086555130135	ALDHQTAAQWGK	0	5200.7	true	NH2-ALDHQTAAQWGK-COOH	0.00887613756147927	VAR|NTX1198530|CUFF.42837.1|-|F2|2	TRUE	CUFF.42837.1	-	2	40	143	2
NTX117063	194434	0.001041625	3	442.557251	-0.002465	-1.86086555130135	ALDHQTAAQWGK	0	5200.7	true	NH2-ALDHQTAAQWGK-COOH	0.00887613756147927	VAR|NTX117063|CUFF.42838.2|-|F2|2	TRUE	CUFF.42838.2	-	2	45	148	2
NTX854051	407880	0.000813375	3	829.427124	0.003242	1.30449322164117	SYMGAGINFFQIIINVDVLTSSP	0	9945.98	true	NH2-SYMGAGINFFQIIINVDVLTSSP-COOH	0.00765716887578758	VAR|NTX854051|CUFF.43287.1|+|F3|35	TRUE	CUFF.43287.1	+	3	3996	4154	35
NTX250752	251400	1.40551e-06	3	517.949219	-0.005928	-3.82246492776715	TFSQALLLTHHQR	0	4329.64	true	NH2-TFSQALLLTHHQR-COOH	0.000471325490155953	VAR|NTX250752|CUFF.46790.1|+|F1|3	TRUE	CUFF.46790.1	+	1	129	547	3
NTX250752	235406	1.44488e-05	3	495.270813	-0.003685	-2.48517276465164	VFSQNAGLLEHLR	0	5255.24	true	NH2-VFSQNAGLLEHLR-COOH	0.00110389391115473	VAR|NTX250752|CUFF.46790.1|+|F1|3	TRUE	CUFF.46790.1	+	1	129	547	3
NTX250719	251400	1.40551e-06	3	517.949219	-0.005928	-3.82246492776715	TFSQALLLTHHQR	0	4329.64	true	NH2-TFSQALLLTHHQR-COOH	0.000471325490155953	VAR|NTX250719|CUFF.46790.2|+|F1|5	TRUE	CUFF.46790.2	+	1	290	628	5
NTX250719	235406	1.44488e-05	3	495.270813	-0.003685	-2.48517276465164	VFSQNAGLLEHLR	0	5255.24	true	NH2-VFSQNAGLLEHLR-COOH	0.00110389391115473	VAR|NTX250719|CUFF.46790.2|+|F1|5	TRUE	CUFF.46790.2	+	1	290	628	5
NTX310852	251400	1.40551e-06	3	517.949219	-0.005928	-3.82246492776715	TFSQALLLTHHQR	0	4329.64	true	NH2-TFSQALLLTHHQR-COOH	0.000471325490155953	VAR|NTX310852|CUFF.46790.3|+|F2|1	TRUE	CUFF.46790.3	+	2	51	412	1
NTX310852	235406	1.44488e-05	3	495.270813	-0.003685	-2.48517276465164	VFSQNAGLLEHLR	0	5255.24	true	NH2-VFSQNAGLLEHLR-COOH	0.00110389391115473	VAR|NTX310852|CUFF.46790.3|+|F2|1	TRUE	CUFF.46790.3	+	2	51	412	1
NTX250772	251400	1.40551e-06	3	517.949219	-0.005928	-3.82246492776715	TFSQALLLTHHQR	0	4329.64	true	NH2-TFSQALLLTHHQR-COOH	0.000471325490155953	VAR|NTX250772|CUFF.46790.4|+|F1|7	TRUE	CUFF.46790.4	+	1	603	1020	7
NTX250772	235406	1.44488e-05	3	495.270813	-0.003685	-2.48517276465164	VFSQNAGLLEHLR	0	5255.24	true	NH2-VFSQNAGLLEHLR-COOH	0.00110389391115473	VAR|NTX250772|CUFF.46790.4|+|F1|7	TRUE	CUFF.46790.4	+	1	603	1020	7
NTX311834	73037	6.82835e-05	2	469.748291	-0.004847	-5.17020570518343	HSDPELLK	0	2890.12	true	NH2-HSDPELLK-COOH	0.00857330745597543	VAR|NTX311834|CUFF.47648.3|+|F2|3	TRUE	CUFF.47648.3	+	2	188	339	3
NTX311834	351515	1.866245e-06	3	686.6651	-0.005425	-2.63736298311669	IILSNPPSQGDYHGCPFR	0	4579.21	true	NH2-IILSNPPSQGDYHGC<Cmm*>PFR-COOH	0.000471325490155953	VAR|NTX311834|CUFF.47648.3|+|F2|3	TRUE	CUFF.47648.3	+	2	188	339	3
NTX311834	351513	7.2454e-06	3	686.66449	-0.007255	-3.5270172244261	IILSNPPSQGDYHGCPFR	0	4582.11	true	NH2-IILSNPPSQGDYHGC<Cmm*>PFR-COOH	0.00110389391115473	VAR|NTX311834|CUFF.47648.3|+|F2|3	TRUE	CUFF.47648.3	+	2	188	339	3
NTX311834	224798	1.958065e-08	2	720.426636	-0.000803	-0.558088645164357	ISPGGISQILDLVK	0	8677.95	true	NH2-ISPGGISQILDLVK-COOH	0	VAR|NTX311834|CUFF.47648.3|+|F2|3	TRUE	CUFF.47648.3	+	2	188	339	3
NTX311834	224797	7.10834999999999e-08	2	720.426575	-0.000925	-0.642879198975131	ISPGGISQILDLVK	0	8675.24	true	NH2-ISPGGISQILDLVK-COOH	0	VAR|NTX311834|CUFF.47648.3|+|F2|3	TRUE	CUFF.47648.3	+	2	188	339	3
NTX140992	468553	0.000286074	6	578.124512	-0.00682	-1.96955550282435	NHVMEGDWDKAENDLNELKPLVHSPHAIVR	1	6480.75	true	NH2-NHVMEGDWDKAENDLNELKPLVHSPHAIVR-COOH	0.00705007876031593	VAR|NTX140992|CUFF.4789.1|-|F3|1	TRUE	CUFF.4789.1	-	3	1	414	1
NTX252000	106262	4.43034e-05	3	349.860992	-0.004999	-4.77657338174918	FSLIQFHR	0	5661.43	true	NH2-FSLIQFHR-COOH	0.00110389391115473	VAR|NTX252000|CUFF.48005.1|+|F1|1	TRUE	CUFF.48005.1	+	1	22	1995	1
NTX252000	368752	6.31675000000001e-09	3	721.725525	-0.004387	-2.0289903416517	IVPIIAVPSSEQEIMHMLR	0	8520.85	true	NH2-IVPIIAVPSSEQEIMHMLR-COOH	0	VAR|NTX252000|CUFF.48005.1|+|F1|1	TRUE	CUFF.48005.1	+	1	22	1995	1
NTX252000	368753	1.70207e-08	3	721.725647	-0.004021	-1.8597151045775	IVPIIAVPSSEQEIMHMLR	0	8522.97	true	NH2-IVPIIAVPSSEQEIMHMLR-COOH	0	VAR|NTX252000|CUFF.48005.1|+|F1|1	TRUE	CUFF.48005.1	+	1	22	1995	1
NTX252000	342070	2.808915e-07	3	666.651428	0.002555	1.27946404063585	NCLDLYEEILTEEGTAK	0	8198.1	true	NH2-NC<Cmm*>LDLYEEILTEEGTAK-COOH	0	VAR|NTX252000|CUFF.48005.1|+|F1|1	TRUE	CUFF.48005.1	+	1	22	1995	1
NTX252000	342061	1.44138e-06	3	666.650085	-0.001474	-0.738133070801267	NCLDLYEEILTEEGTAK	0	8194.58	true	NH2-NC<Cmm*>LDLYEEILTEEGTAK-COOH	0.000471325490155953	VAR|NTX252000|CUFF.48005.1|+|F1|1	TRUE	CUFF.48005.1	+	1	22	1995	1
NTX252000	239147	7.68105000000001e-08	2	750.861877	-0.001125	-0.750144864475551	NSPLDELEEGEIR	0	7126.48	true	NH2-NSPLDELEEGEIR-COOH	0	VAR|NTX252000|CUFF.48005.1|+|F1|1	TRUE	CUFF.48005.1	+	1	22	1995	1
NTX252000	458379	6.2273e-07	4	803.867432	0.000866	0.269660982381099	SEGNHPALAVEDLGCGVIQVDEDNCKEEK	1	6279.87	true	NH2-SEGNHPALAVEDLGC<Cmm*>GVIQVDEDNC<Cmm*>KEEK-COOH	0	VAR|NTX252000|CUFF.48005.1|+|F1|1	TRUE	CUFF.48005.1	+	1	22	1995	1
NTX252000	458378	1.232665e-06	4	803.867432	0.000866	0.269660982381099	SEGNHPALAVEDLGCGVIQVDEDNCKEEK	1	6286.06	true	NH2-SEGNHPALAVEDLGC<Cmm*>GVIQVDEDNC<Cmm*>KEEK-COOH	0	VAR|NTX252000|CUFF.48005.1|+|F1|1	TRUE	CUFF.48005.1	+	1	22	1995	1
NTX372829	106262	4.43034e-05	3	349.860992	-0.004999	-4.77657338174918	FSLIQFHR	0	5661.43	true	NH2-FSLIQFHR-COOH	0.00110389391115473	VAR|NTX372829|CUFF.48005.2|+|F3|2	TRUE	CUFF.48005.2	+	3	47	2020	2
NTX372829	368752	6.31675000000001e-09	3	721.725525	-0.004387	-2.0289903416517	IVPIIAVPSSEQEIMHMLR	0	8520.85	true	NH2-IVPIIAVPSSEQEIMHMLR-COOH	0	VAR|NTX372829|CUFF.48005.2|+|F3|2	TRUE	CUFF.48005.2	+	3	47	2020	2
NTX372829	368753	1.70207e-08	3	721.725647	-0.004021	-1.8597151045775	IVPIIAVPSSEQEIMHMLR	0	8522.97	true	NH2-IVPIIAVPSSEQEIMHMLR-COOH	0	VAR|NTX372829|CUFF.48005.2|+|F3|2	TRUE	CUFF.48005.2	+	3	47	2020	2
NTX372829	342070	2.808915e-07	3	666.651428	0.002555	1.27946404063585	NCLDLYEEILTEEGTAK	0	8198.1	true	NH2-NC<Cmm*>LDLYEEILTEEGTAK-COOH	0	VAR|NTX372829|CUFF.48005.2|+|F3|2	TRUE	CUFF.48005.2	+	3	47	2020	2
NTX372829	342061	1.44138e-06	3	666.650085	-0.001474	-0.738133070801267	NCLDLYEEILTEEGTAK	0	8194.58	true	NH2-NC<Cmm*>LDLYEEILTEEGTAK-COOH	0.000471325490155953	VAR|NTX372829|CUFF.48005.2|+|F3|2	TRUE	CUFF.48005.2	+	3	47	2020	2
NTX372829	239147	7.68105000000001e-08	2	750.861877	-0.001125	-0.750144864475551	NSPLDELEEGEIR	0	7126.48	true	NH2-NSPLDELEEGEIR-COOH	0	VAR|NTX372829|CUFF.48005.2|+|F3|2	TRUE	CUFF.48005.2	+	3	47	2020	2
NTX372829	458379	6.2273e-07	4	803.867432	0.000866	0.269660982381099	SEGNHPALAVEDLGCGVIQVDEDNCKEEK	1	6279.87	true	NH2-SEGNHPALAVEDLGC<Cmm*>GVIQVDEDNC<Cmm*>KEEK-COOH	0	VAR|NTX372829|CUFF.48005.2|+|F3|2	TRUE	CUFF.48005.2	+	3	47	2020	2
NTX372829	458378	1.232665e-06	4	803.867432	0.000866	0.269660982381099	SEGNHPALAVEDLGCGVIQVDEDNCKEEK	1	6286.06	true	NH2-SEGNHPALAVEDLGC<Cmm*>GVIQVDEDNC<Cmm*>KEEK-COOH	0	VAR|NTX372829|CUFF.48005.2|+|F3|2	TRUE	CUFF.48005.2	+	3	47	2020	2
NTX252018	106262	4.43034e-05	3	349.860992	-0.004999	-4.77657338174918	FSLIQFHR	0	5661.43	true	NH2-FSLIQFHR-COOH	0.00110389391115473	VAR|NTX252018|CUFF.48005.3|+|F1|1	TRUE	CUFF.48005.3	+	1	12	1975	1
NTX252018	368752	6.31675000000001e-09	3	721.725525	-0.004387	-2.0289903416517	IVPIIAVPSSEQEIMHMLR	0	8520.85	true	NH2-IVPIIAVPSSEQEIMHMLR-COOH	0	VAR|NTX252018|CUFF.48005.3|+|F1|1	TRUE	CUFF.48005.3	+	1	12	1975	1
NTX252018	368753	1.70207e-08	3	721.725647	-0.004021	-1.8597151045775	IVPIIAVPSSEQEIMHMLR	0	8522.97	true	NH2-IVPIIAVPSSEQEIMHMLR-COOH	0	VAR|NTX252018|CUFF.48005.3|+|F1|1	TRUE	CUFF.48005.3	+	1	12	1975	1
NTX252018	342070	2.808915e-07	3	666.651428	0.002555	1.27946404063585	NCLDLYEEILTEEGTAK	0	8198.1	true	NH2-NC<Cmm*>LDLYEEILTEEGTAK-COOH	0	VAR|NTX252018|CUFF.48005.3|+|F1|1	TRUE	CUFF.48005.3	+	1	12	1975	1
NTX252018	342061	1.44138e-06	3	666.650085	-0.001474	-0.738133070801267	NCLDLYEEILTEEGTAK	0	8194.58	true	NH2-NC<Cmm*>LDLYEEILTEEGTAK-COOH	0.000471325490155953	VAR|NTX252018|CUFF.48005.3|+|F1|1	TRUE	CUFF.48005.3	+	1	12	1975	1
NTX252018	239147	7.68105000000001e-08	2	750.861877	-0.001125	-0.750144864475551	NSPLDELEEGEIR	0	7126.48	true	NH2-NSPLDELEEGEIR-COOH	0	VAR|NTX252018|CUFF.48005.3|+|F1|1	TRUE	CUFF.48005.3	+	1	12	1975	1
NTX252018	458379	6.2273e-07	4	803.867432	0.000866	0.269660982381099	SEGNHPALAVEDLGCGVIQVDEDNCKEEK	1	6279.87	true	NH2-SEGNHPALAVEDLGC<Cmm*>GVIQVDEDNC<Cmm*>KEEK-COOH	0	VAR|NTX252018|CUFF.48005.3|+|F1|1	TRUE	CUFF.48005.3	+	1	12	1975	1
NTX252018	458378	1.232665e-06	4	803.867432	0.000866	0.269660982381099	SEGNHPALAVEDLGCGVIQVDEDNCKEEK	1	6286.06	true	NH2-SEGNHPALAVEDLGC<Cmm*>GVIQVDEDNC<Cmm*>KEEK-COOH	0	VAR|NTX252018|CUFF.48005.3|+|F1|1	TRUE	CUFF.48005.3	+	1	12	1975	1
NTX124038	195238	2.936325e-07	2	664.355347	-0.004206	-3.17027127213808	AAAAAAAAAAAAAAGTR	0	4354.2	true	NH2-AAAAAAAAAAAAAAGTR-COOH	0	VAR|NTX124038|CUFF.49059.3|-|F2|1	TRUE	CUFF.49059.3	-	2	1	292	1
NTX124038	195236	1.288275e-06	2	664.355286	-0.004328	-3.2622287365225	AAAAAAAAAAAAAAGTR	0	4352.2	true	NH2-AAAAAAAAAAAAAAGTR-COOH	0	VAR|NTX124038|CUFF.49059.3|-|F2|1	TRUE	CUFF.49059.3	-	2	1	292	1
NTX527096	341981	4.370665e-07	3	666.347229	-0.000832	-0.416829346384766	SWLHPDSFPILGLPDFR	0	9225.75	true	NH2-SWLHPDSFPILGLPDFR-COOH	0	VAR|NTX527096|CUFF.49374.1|+|F1|1	TRUE	CUFF.49374.1	+	1	1	78	1
NTX527096	341982	1.44637e-06	3	666.34729	-0.000649	-0.32514693005254	SWLHPDSFPILGLPDFR	0	9222.8	true	NH2-SWLHPDSFPILGLPDFR-COOH	0.000471325490155953	VAR|NTX527096|CUFF.49374.1|+|F1|1	TRUE	CUFF.49374.1	+	1	1	78	1
NTX56759	151135	3.67481e-05	2	594.34137	-0.006159	-5.19013494778109	VMAAASIANIVK	0	5602.94	true	NH2-VMAAASIANIVK-COOH	0.00566864440863241	VAR|NTX56759|CUFF.49843.1|-|F1|1	TRUE	CUFF.49843.1	-	1	1	555	1
NTX879851	57205	1.847685e-05	2	441.743195	-7.1e-05	-0.0805470931915994	DTLQLHR	0	3031.18	true	NH2-DTLQLHR-COOH	0.003976110770036	VAR|NTX879851|CUFF.51686.1|+|F3|1	TRUE	CUFF.51686.1	+	3	1	164	1
NTX320584	113761	2.229165e-06	2	536.769714	-0.005993	-5.59293266613302	ASGVSAAAPGER	0	2765.6	true	NH2-ASGVSAAAPGER-COOH	0	VAR|NTX320584|CUFF.57076.2|+|F2|1	TRUE	CUFF.57076.2	+	2	1	571	1
